{
    "train_loss": [
        0.014410804192027027,
        0.0037576300352444186,
        0.0030303033869897356,
        0.002647555878961851,
        0.0023558634866755086,
        0.0023900833525419187,
        0.002160598133693719,
        0.0019427571284100658,
        0.002008443547406626,
        0.0018969340549359146,
        0.001873767007820884,
        0.0018216526406927426,
        0.0016394620795740355,
        0.0016886168825869007,
        0.0017990945027696924,
        0.0017285500205042282,
        0.001739832606146688,
        0.0016237950840150006,
        0.0015565291489685095,
        0.0014310461108260298,
        0.0016004147186513844,
        0.0014121935071575297,
        0.0014498993251962882,
        0.0013749823208280233,
        0.0014298987750264228,
        0.001556794766465349,
        0.0014942689508882865,
        0.001178960923617093,
        0.0011189767018980714,
        0.0011066770878785878,
        0.0010943038704633516,
        0.0010923951665876973,
        0.0010457431891681107,
        0.0009515095242405598,
        0.0008917691396786004,
        0.0009165308433454667
    ],
    "val_loss": [
        0.006402775632719008,
        0.007568305172026157,
        0.0037639003067922133,
        0.004448621211430201,
        0.009058048461492245,
        0.005606993497349322,
        0.0040451453121092456,
        0.003663075039199052,
        0.003287886435058541,
        0.0032549887591113266,
        0.0037864062738103364,
        0.003198302062586523,
        0.003330124499133,
        0.003188993584794494,
        0.003521340914392987,
        0.003172970472727544,
        0.0032058825788016504,
        0.003911551885091915,
        0.003383182198740542,
        0.003106544475751714,
        0.0028641487838915332,
        0.003077236228944877,
        0.003092119832021686,
        0.003115943768240798,
        0.003790700374744259,
        0.002958377570254155,
        0.0034166919336152766,
        0.0029698894233801043,
        0.0032133148839840523,
        0.0030564276658249304,
        0.0032014770433306692,
        0.0032204351647613714,
        0.003149175051993762,
        0.0032441048856036592,
        0.003276153840572358,
        0.0031153823822163617
    ],
    "learning_rate": [
        0.0015517954134162649,
        0.0015517954134162649,
        0.0015517954134162649,
        0.0015517954134162649,
        0.0015517954134162649,
        0.0015517954134162649,
        0.0015517954134162649,
        0.0015517954134162649,
        0.0015517954134162649,
        0.0015517954134162649,
        0.0015517954134162649,
        0.0015517954134162649,
        0.0015517954134162649,
        0.0015517954134162649,
        0.0015517954134162649,
        0.0015517954134162649,
        0.0015517954134162649,
        0.0015517954134162649,
        0.0015517954134162649,
        0.0015517954134162649,
        0.0015517954134162649,
        0.0015517954134162649,
        0.0015517954134162649,
        0.0015517954134162649,
        0.0015517954134162649,
        0.0015517954134162649,
        0.0015517954134162649,
        0.0007758977067081324,
        0.0007758977067081324,
        0.0007758977067081324,
        0.0007758977067081324,
        0.0007758977067081324,
        0.0007758977067081324,
        0.0003879488533540662,
        0.0003879488533540662,
        0.0003879488533540662
    ],
    "best_epoch": 20,
    "best_val_loss": 0.0028641487838915332
}